experiment_date,observer,water_bath_id,set_temp_c,read_temp_c,stopwatch_start_time,timepoint_min,well_id,population,responding,sex,stage,length
2026-09-22,AH,WB-2,34.5,33.8,2026-09-22T13:47:45.367Z,5,A1,CPCO,no,,,
2026-09-22,AH,WB-2,34.5,33.8,2026-09-22T13:47:45.367Z,5,A2,CPCO,yes,,,
2026-09-22,AH,WB-2,34.5,33.8,2026-09-22T13:47:45.367Z,5,A3,CPCO,yes,,,
2026-09-22,AH,WB-2,34.5,33.8,2026-09-22T13:47:45.367Z,5,A4,CPCO,yes,,,
2026-09-22,AH,WB-2,34.5,33.8,2026-09-22T13:47:45.367Z,5,A5,OPOH,yes,,,
2026-09-22,AH,WB-2,34.5,33.8,2026-09-22T13:47:45.367Z,5,B1,OPOH,yes,,,
2026-09-22,AH,WB-2,34.5,33.8,2026-09-22T13:47:45.367Z,5,B2,CPCO,yes,,,
2026-09-22,AH,WB-2,34.5,33.8,2026-09-22T13:47:45.367Z,5,B3,CPCO,yes,,,
2026-09-22,AH,WB-2,34.5,33.8,2026-09-22T13:47:45.367Z,5,B4,OPOH,yes,,,
2026-09-22,AH,WB-2,34.5,33.8,2026-09-22T13:47:45.367Z,5,B5,OPOH,yes,,,
2026-09-22,AH,WB-2,34.5,33.8,2026-09-22T13:47:45.367Z,5,C1,OPOH,yes,,,
2026-09-22,AH,WB-2,34.5,33.8,2026-09-22T13:47:45.367Z,5,C2,OPOH,no,,,
2026-09-22,AH,WB-2,34.5,33.8,2026-09-22T13:47:45.367Z,5,C3,OPOH,yes,,,
2026-09-22,AH,WB-2,34.5,33.8,2026-09-22T13:47:45.367Z,5,C4,CPCO,yes,,,
2026-09-22,AH,WB-2,34.5,33.8,2026-09-22T13:47:45.367Z,5,C5,OPOH,yes,,,
2026-09-22,AH,WB-2,34.5,33.8,2026-09-22T13:47:45.367Z,5,D1,OPOH,yes,,,
2026-09-22,AH,WB-2,34.5,33.8,2026-09-22T13:47:45.367Z,5,D2,CPCO,no,,,
2026-09-22,AH,WB-2,34.5,33.8,2026-09-22T13:47:45.367Z,5,D3,CPCO,yes,,,
2026-09-22,AH,WB-2,34.5,33.8,2026-09-22T13:47:45.367Z,5,D4,CPCO,yes,,,
2026-09-22,AH,WB-2,34.5,33.8,2026-09-22T13:47:45.367Z,5,D5,OPOH,yes,,,
2026-09-22,AH,WB-2,34.5,33.8,2026-09-22T13:47:45.367Z,11,A1,CPCO,no,,,
2026-09-22,AH,WB-2,34.5,33.8,2026-09-22T13:47:45.367Z,11,A2,CPCO,no,,,
2026-09-22,AH,WB-2,34.5,33.8,2026-09-22T13:47:45.367Z,11,A3,CPCO,yes,,,
2026-09-22,AH,WB-2,34.5,33.8,2026-09-22T13:47:45.367Z,11,A4,CPCO,yes,,,
2026-09-22,AH,WB-2,34.5,33.8,2026-09-22T13:47:45.367Z,11,A5,OPOH,yes,,,
2026-09-22,AH,WB-2,34.5,33.8,2026-09-22T13:47:45.367Z,11,B1,OPOH,yes,,,
2026-09-22,AH,WB-2,34.5,33.8,2026-09-22T13:47:45.367Z,11,B2,CPCO,yes,,,
2026-09-22,AH,WB-2,34.5,33.8,2026-09-22T13:47:45.367Z,11,B3,CPCO,yes,,,
2026-09-22,AH,WB-2,34.5,33.8,2026-09-22T13:47:45.367Z,11,B4,OPOH,yes,,,
2026-09-22,AH,WB-2,34.5,33.8,2026-09-22T13:47:45.367Z,11,B5,OPOH,yes,,,
2026-09-22,AH,WB-2,34.5,33.8,2026-09-22T13:47:45.367Z,11,C1,OPOH,yes,,,
2026-09-22,AH,WB-2,34.5,33.8,2026-09-22T13:47:45.367Z,11,C2,OPOH,no,,,
2026-09-22,AH,WB-2,34.5,33.8,2026-09-22T13:47:45.367Z,11,C3,OPOH,yes,,,
2026-09-22,AH,WB-2,34.5,33.8,2026-09-22T13:47:45.367Z,11,C4,CPCO,yes,,,
2026-09-22,AH,WB-2,34.5,33.8,2026-09-22T13:47:45.367Z,11,C5,OPOH,no,,,
2026-09-22,AH,WB-2,34.5,33.8,2026-09-22T13:47:45.367Z,11,D1,OPOH,yes,,,
2026-09-22,AH,WB-2,34.5,33.8,2026-09-22T13:47:45.367Z,11,D2,CPCO,no,,,
2026-09-22,AH,WB-2,34.5,33.8,2026-09-22T13:47:45.367Z,11,D3,CPCO,yes,,,
2026-09-22,AH,WB-2,34.5,33.8,2026-09-22T13:47:45.367Z,11,D4,CPCO,yes,,,
2026-09-22,AH,WB-2,34.5,33.8,2026-09-22T13:47:45.367Z,11,D5,OPOH,yes,,,
2026-09-22,AH,WB-2,34.5,33.8,2026-09-22T13:47:45.367Z,15,A1,CPCO,no,,,
2026-09-22,AH,WB-2,34.5,33.8,2026-09-22T13:47:45.367Z,15,A2,CPCO,no,,,
2026-09-22,AH,WB-2,34.5,33.8,2026-09-22T13:47:45.367Z,15,A3,CPCO,yes,,,
2026-09-22,AH,WB-2,34.5,33.8,2026-09-22T13:47:45.367Z,15,A4,CPCO,yes,,,
2026-09-22,AH,WB-2,34.5,33.8,2026-09-22T13:47:45.367Z,15,A5,OPOH,yes,,,
2026-09-22,AH,WB-2,34.5,33.8,2026-09-22T13:47:45.367Z,15,B1,OPOH,yes,,,
2026-09-22,AH,WB-2,34.5,33.8,2026-09-22T13:47:45.367Z,15,B2,CPCO,yes,,,
2026-09-22,AH,WB-2,34.5,33.8,2026-09-22T13:47:45.367Z,15,B3,CPCO,yes,,,
2026-09-22,AH,WB-2,34.5,33.8,2026-09-22T13:47:45.367Z,15,B4,OPOH,yes,,,
2026-09-22,AH,WB-2,34.5,33.8,2026-09-22T13:47:45.367Z,15,B5,OPOH,yes,,,
2026-09-22,AH,WB-2,34.5,33.8,2026-09-22T13:47:45.367Z,15,C1,OPOH,yes,,,
2026-09-22,AH,WB-2,34.5,33.8,2026-09-22T13:47:45.367Z,15,C2,OPOH,no,,,
2026-09-22,AH,WB-2,34.5,33.8,2026-09-22T13:47:45.367Z,15,C3,OPOH,yes,,,
2026-09-22,AH,WB-2,34.5,33.8,2026-09-22T13:47:45.367Z,15,C4,CPCO,yes,,,
2026-09-22,AH,WB-2,34.5,33.8,2026-09-22T13:47:45.367Z,15,C5,OPOH,no,,,
2026-09-22,AH,WB-2,34.5,33.8,2026-09-22T13:47:45.367Z,15,D1,OPOH,yes,,,
2026-09-22,AH,WB-2,34.5,33.8,2026-09-22T13:47:45.367Z,15,D2,CPCO,no,,,
2026-09-22,AH,WB-2,34.5,33.8,2026-09-22T13:47:45.367Z,15,D3,CPCO,yes,,,
2026-09-22,AH,WB-2,34.5,33.8,2026-09-22T13:47:45.367Z,15,D4,CPCO,yes,,,
2026-09-22,AH,WB-2,34.5,33.8,2026-09-22T13:47:45.367Z,15,D5,OPOH,yes,,,
2026-09-22,AH,WB-2,34.5,33.8,2026-09-22T13:47:45.367Z,31,A1,CPCO,no,,,
2026-09-22,AH,WB-2,34.5,33.8,2026-09-22T13:47:45.367Z,31,A2,CPCO,no,,,
2026-09-22,AH,WB-2,34.5,33.8,2026-09-22T13:47:45.367Z,31,A3,CPCO,yes,,,
2026-09-22,AH,WB-2,34.5,33.8,2026-09-22T13:47:45.367Z,31,A4,CPCO,yes,,,
2026-09-22,AH,WB-2,34.5,33.8,2026-09-22T13:47:45.367Z,31,A5,OPOH,yes,,,
2026-09-22,AH,WB-2,34.5,33.8,2026-09-22T13:47:45.367Z,31,B1,OPOH,yes,,,
2026-09-22,AH,WB-2,34.5,33.8,2026-09-22T13:47:45.367Z,31,B2,CPCO,yes,,,
2026-09-22,AH,WB-2,34.5,33.8,2026-09-22T13:47:45.367Z,31,B3,CPCO,yes,,,
2026-09-22,AH,WB-2,34.5,33.8,2026-09-22T13:47:45.367Z,31,B4,OPOH,yes,,,
2026-09-22,AH,WB-2,34.5,33.8,2026-09-22T13:47:45.367Z,31,B5,OPOH,yes,,,
2026-09-22,AH,WB-2,34.5,33.8,2026-09-22T13:47:45.367Z,31,C1,OPOH,yes,,,
2026-09-22,AH,WB-2,34.5,33.8,2026-09-22T13:47:45.367Z,31,C2,OPOH,no,,,
2026-09-22,AH,WB-2,34.5,33.8,2026-09-22T13:47:45.367Z,31,C3,OPOH,yes,,,
2026-09-22,AH,WB-2,34.5,33.8,2026-09-22T13:47:45.367Z,31,C4,CPCO,yes,,,
2026-09-22,AH,WB-2,34.5,33.8,2026-09-22T13:47:45.367Z,31,C5,OPOH,no,,,
2026-09-22,AH,WB-2,34.5,33.8,2026-09-22T13:47:45.367Z,31,D1,OPOH,yes,,,
2026-09-22,AH,WB-2,34.5,33.8,2026-09-22T13:47:45.367Z,31,D2,CPCO,no,,,
2026-09-22,AH,WB-2,34.5,33.8,2026-09-22T13:47:45.367Z,31,D3,CPCO,yes,,,
2026-09-22,AH,WB-2,34.5,33.8,2026-09-22T13:47:45.367Z,31,D4,CPCO,yes,,,
2026-09-22,AH,WB-2,34.5,33.8,2026-09-22T13:47:45.367Z,31,D5,OPOH,yes,,,
2026-09-22,AH,WB-2,34.5,33.8,2026-09-22T13:47:45.367Z,60,A1,CPCO,no,,,
2026-09-22,AH,WB-2,34.5,33.8,2026-09-22T13:47:45.367Z,60,A2,CPCO,no,,,
2026-09-22,AH,WB-2,34.5,33.8,2026-09-22T13:47:45.367Z,60,A3,CPCO,yes,,,
2026-09-22,AH,WB-2,34.5,33.8,2026-09-22T13:47:45.367Z,60,A4,CPCO,yes,,,
2026-09-22,AH,WB-2,34.5,33.8,2026-09-22T13:47:45.367Z,60,A5,OPOH,yes,,,
2026-09-22,AH,WB-2,34.5,33.8,2026-09-22T13:47:45.367Z,60,B1,OPOH,yes,,,
2026-09-22,AH,WB-2,34.5,33.8,2026-09-22T13:47:45.367Z,60,B2,CPCO,yes,,,
2026-09-22,AH,WB-2,34.5,33.8,2026-09-22T13:47:45.367Z,60,B3,CPCO,yes,,,
2026-09-22,AH,WB-2,34.5,33.8,2026-09-22T13:47:45.367Z,60,B4,OPOH,yes,,,
2026-09-22,AH,WB-2,34.5,33.8,2026-09-22T13:47:45.367Z,60,B5,OPOH,yes,,,
2026-09-22,AH,WB-2,34.5,33.8,2026-09-22T13:47:45.367Z,60,C1,OPOH,yes,,,
2026-09-22,AH,WB-2,34.5,33.8,2026-09-22T13:47:45.367Z,60,C2,OPOH,no,,,
2026-09-22,AH,WB-2,34.5,33.8,2026-09-22T13:47:45.367Z,60,C3,OPOH,yes,,,
2026-09-22,AH,WB-2,34.5,33.8,2026-09-22T13:47:45.367Z,60,C4,CPCO,yes,,,
2026-09-22,AH,WB-2,34.5,33.8,2026-09-22T13:47:45.367Z,60,C5,OPOH,no,,,
2026-09-22,AH,WB-2,34.5,33.8,2026-09-22T13:47:45.367Z,60,D1,OPOH,yes,,,
2026-09-22,AH,WB-2,34.5,33.8,2026-09-22T13:47:45.367Z,60,D2,CPCO,no,,,
2026-09-22,AH,WB-2,34.5,33.8,2026-09-22T13:47:45.367Z,60,D3,CPCO,yes,,,
2026-09-22,AH,WB-2,34.5,33.8,2026-09-22T13:47:45.367Z,60,D4,CPCO,yes,,,
2026-09-22,AH,WB-2,34.5,33.8,2026-09-22T13:47:45.367Z,60,D5,OPOH,yes,,,
2026-09-22,AH,WB-2,34.5,33.8,2026-09-22T13:47:45.367Z,120,A1,CPCO,no,,,
2026-09-22,AH,WB-2,34.5,33.8,2026-09-22T13:47:45.367Z,120,A2,CPCO,no,,,
2026-09-22,AH,WB-2,34.5,33.8,2026-09-22T13:47:45.367Z,120,A3,CPCO,yes,,,
2026-09-22,AH,WB-2,34.5,33.8,2026-09-22T13:47:45.367Z,120,A4,CPCO,yes,,,
2026-09-22,AH,WB-2,34.5,33.8,2026-09-22T13:47:45.367Z,120,A5,OPOH,yes,,,
2026-09-22,AH,WB-2,34.5,33.8,2026-09-22T13:47:45.367Z,120,B1,OPOH,yes,,,
2026-09-22,AH,WB-2,34.5,33.8,2026-09-22T13:47:45.367Z,120,B2,CPCO,yes,,,
2026-09-22,AH,WB-2,34.5,33.8,2026-09-22T13:47:45.367Z,120,B3,CPCO,yes,,,
2026-09-22,AH,WB-2,34.5,33.8,2026-09-22T13:47:45.367Z,120,B4,OPOH,yes,,,
2026-09-22,AH,WB-2,34.5,33.8,2026-09-22T13:47:45.367Z,120,B5,OPOH,yes,,,
2026-09-22,AH,WB-2,34.5,33.8,2026-09-22T13:47:45.367Z,120,C1,OPOH,yes,,,
2026-09-22,AH,WB-2,34.5,33.8,2026-09-22T13:47:45.367Z,120,C2,OPOH,no,,,
2026-09-22,AH,WB-2,34.5,33.8,2026-09-22T13:47:45.367Z,120,C3,OPOH,yes,,,
2026-09-22,AH,WB-2,34.5,33.8,2026-09-22T13:47:45.367Z,120,C4,CPCO,yes,,,
2026-09-22,AH,WB-2,34.5,33.8,2026-09-22T13:47:45.367Z,120,C5,OPOH,no,,,
2026-09-22,AH,WB-2,34.5,33.8,2026-09-22T13:47:45.367Z,120,D1,OPOH,yes,,,
2026-09-22,AH,WB-2,34.5,33.8,2026-09-22T13:47:45.367Z,120,D2,CPCO,no,,,
2026-09-22,AH,WB-2,34.5,33.8,2026-09-22T13:47:45.367Z,120,D3,CPCO,no,,,
2026-09-22,AH,WB-2,34.5,33.8,2026-09-22T13:47:45.367Z,120,D4,CPCO,yes,,,
2026-09-22,AH,WB-2,34.5,33.8,2026-09-22T13:47:45.367Z,120,D5,OPOH,yes,,,
2026-09-22,AH,WB-2,34.5,33.8,2026-09-22T13:47:45.367Z,180,A1,CPCO,no,,,
2026-09-22,AH,WB-2,34.5,33.8,2026-09-22T13:47:45.367Z,180,A2,CPCO,no,,,
2026-09-22,AH,WB-2,34.5,33.8,2026-09-22T13:47:45.367Z,180,A3,CPCO,yes,,,
2026-09-22,AH,WB-2,34.5,33.8,2026-09-22T13:47:45.367Z,180,A4,CPCO,yes,,,
2026-09-22,AH,WB-2,34.5,33.8,2026-09-22T13:47:45.367Z,180,A5,OPOH,yes,,,
2026-09-22,AH,WB-2,34.5,33.8,2026-09-22T13:47:45.367Z,180,B1,OPOH,yes,,,
2026-09-22,AH,WB-2,34.5,33.8,2026-09-22T13:47:45.367Z,180,B2,CPCO,yes,,,
2026-09-22,AH,WB-2,34.5,33.8,2026-09-22T13:47:45.367Z,180,B3,CPCO,yes,,,
2026-09-22,AH,WB-2,34.5,33.8,2026-09-22T13:47:45.367Z,180,B4,OPOH,yes,,,
2026-09-22,AH,WB-2,34.5,33.8,2026-09-22T13:47:45.367Z,180,B5,OPOH,yes,,,
2026-09-22,AH,WB-2,34.5,33.8,2026-09-22T13:47:45.367Z,180,C1,OPOH,yes,,,
2026-09-22,AH,WB-2,34.5,33.8,2026-09-22T13:47:45.367Z,180,C2,OPOH,no,,,
2026-09-22,AH,WB-2,34.5,33.8,2026-09-22T13:47:45.367Z,180,C3,OPOH,yes,,,
2026-09-22,AH,WB-2,34.5,33.8,2026-09-22T13:47:45.367Z,180,C4,CPCO,yes,,,
2026-09-22,AH,WB-2,34.5,33.8,2026-09-22T13:47:45.367Z,180,C5,OPOH,no,,,
2026-09-22,AH,WB-2,34.5,33.8,2026-09-22T13:47:45.367Z,180,D1,OPOH,yes,,,
2026-09-22,AH,WB-2,34.5,33.8,2026-09-22T13:47:45.367Z,180,D2,CPCO,no,,,
2026-09-22,AH,WB-2,34.5,33.8,2026-09-22T13:47:45.367Z,180,D3,CPCO,no,,,
2026-09-22,AH,WB-2,34.5,33.8,2026-09-22T13:47:45.367Z,180,D4,CPCO,yes,,,
2026-09-22,AH,WB-2,34.5,33.8,2026-09-22T13:47:45.367Z,180,D5,OPOH,yes,,,
2026-09-22,AH,WB-2,34.5,33.8,2026-09-22T13:47:45.367Z,241,A1,CPCO,no,,,
2026-09-22,AH,WB-2,34.5,33.8,2026-09-22T13:47:45.367Z,241,A2,CPCO,no,,,
2026-09-22,AH,WB-2,34.5,33.8,2026-09-22T13:47:45.367Z,241,A3,CPCO,yes,,,
2026-09-22,AH,WB-2,34.5,33.8,2026-09-22T13:47:45.367Z,241,A4,CPCO,yes,,,
2026-09-22,AH,WB-2,34.5,33.8,2026-09-22T13:47:45.367Z,241,A5,OPOH,yes,,,
2026-09-22,AH,WB-2,34.5,33.8,2026-09-22T13:47:45.367Z,241,B1,OPOH,yes,,,
2026-09-22,AH,WB-2,34.5,33.8,2026-09-22T13:47:45.367Z,241,B2,CPCO,yes,,,
2026-09-22,AH,WB-2,34.5,33.8,2026-09-22T13:47:45.367Z,241,B3,CPCO,yes,,,
2026-09-22,AH,WB-2,34.5,33.8,2026-09-22T13:47:45.367Z,241,B4,OPOH,no,,,
2026-09-22,AH,WB-2,34.5,33.8,2026-09-22T13:47:45.367Z,241,B5,OPOH,yes,,,
2026-09-22,AH,WB-2,34.5,33.8,2026-09-22T13:47:45.367Z,241,C1,OPOH,yes,,,
2026-09-22,AH,WB-2,34.5,33.8,2026-09-22T13:47:45.367Z,241,C2,OPOH,no,,,
2026-09-22,AH,WB-2,34.5,33.8,2026-09-22T13:47:45.367Z,241,C3,OPOH,yes,,,
2026-09-22,AH,WB-2,34.5,33.8,2026-09-22T13:47:45.367Z,241,C4,CPCO,yes,,,
2026-09-22,AH,WB-2,34.5,33.8,2026-09-22T13:47:45.367Z,241,C5,OPOH,no,,,
2026-09-22,AH,WB-2,34.5,33.8,2026-09-22T13:47:45.367Z,241,D1,OPOH,yes,,,
2026-09-22,AH,WB-2,34.5,33.8,2026-09-22T13:47:45.367Z,241,D2,CPCO,no,,,
2026-09-22,AH,WB-2,34.5,33.8,2026-09-22T13:47:45.367Z,241,D3,CPCO,no,,,
2026-09-22,AH,WB-2,34.5,33.8,2026-09-22T13:47:45.367Z,241,D4,CPCO,yes,,,
2026-09-22,AH,WB-2,34.5,33.8,2026-09-22T13:47:45.367Z,241,D5,OPOH,yes,,,
2026-09-22,AH,WB-2,34.5,33.8,2026-09-22T13:47:45.367Z,363,A1,CPCO,no,,,
2026-09-22,AH,WB-2,34.5,33.8,2026-09-22T13:47:45.367Z,363,A2,CPCO,no,,,
2026-09-22,AH,WB-2,34.5,33.8,2026-09-22T13:47:45.367Z,363,A3,CPCO,no,,,
2026-09-22,AH,WB-2,34.5,33.8,2026-09-22T13:47:45.367Z,363,A4,CPCO,yes,,,
2026-09-22,AH,WB-2,34.5,33.8,2026-09-22T13:47:45.367Z,363,A5,OPOH,yes,,,
2026-09-22,AH,WB-2,34.5,33.8,2026-09-22T13:47:45.367Z,363,B1,OPOH,yes,,,
2026-09-22,AH,WB-2,34.5,33.8,2026-09-22T13:47:45.367Z,363,B2,CPCO,yes,,,
2026-09-22,AH,WB-2,34.5,33.8,2026-09-22T13:47:45.367Z,363,B3,CPCO,yes,,,
2026-09-22,AH,WB-2,34.5,33.8,2026-09-22T13:47:45.367Z,363,B4,OPOH,no,,,
2026-09-22,AH,WB-2,34.5,33.8,2026-09-22T13:47:45.367Z,363,B5,OPOH,no,,,
2026-09-22,AH,WB-2,34.5,33.8,2026-09-22T13:47:45.367Z,363,C1,OPOH,yes,,,
2026-09-22,AH,WB-2,34.5,33.8,2026-09-22T13:47:45.367Z,363,C2,OPOH,no,,,
2026-09-22,AH,WB-2,34.5,33.8,2026-09-22T13:47:45.367Z,363,C3,OPOH,yes,,,
2026-09-22,AH,WB-2,34.5,33.8,2026-09-22T13:47:45.367Z,363,C4,CPCO,yes,,,
2026-09-22,AH,WB-2,34.5,33.8,2026-09-22T13:47:45.367Z,363,C5,OPOH,no,,,
2026-09-22,AH,WB-2,34.5,33.8,2026-09-22T13:47:45.367Z,363,D1,OPOH,yes,,,
2026-09-22,AH,WB-2,34.5,33.8,2026-09-22T13:47:45.367Z,363,D2,CPCO,no,,,
2026-09-22,AH,WB-2,34.5,33.8,2026-09-22T13:47:45.367Z,363,D3,CPCO,no,,,
2026-09-22,AH,WB-2,34.5,33.8,2026-09-22T13:47:45.367Z,363,D4,CPCO,no,,,
2026-09-22,AH,WB-2,34.5,33.8,2026-09-22T13:47:45.367Z,363,D5,OPOH,no,,,
2026-09-22,AH,WB-2,34.5,33.8,2026-09-22T13:47:45.367Z,480,A1,CPCO,no,,,
2026-09-22,AH,WB-2,34.5,33.8,2026-09-22T13:47:45.367Z,480,A2,CPCO,no,,,
2026-09-22,AH,WB-2,34.5,33.8,2026-09-22T13:47:45.367Z,480,A3,CPCO,no,,,
2026-09-22,AH,WB-2,34.5,33.8,2026-09-22T13:47:45.367Z,480,A4,CPCO,yes,,,
2026-09-22,AH,WB-2,34.5,33.8,2026-09-22T13:47:45.367Z,480,A5,OPOH,no,,,
2026-09-22,AH,WB-2,34.5,33.8,2026-09-22T13:47:45.367Z,480,B1,OPOH,no,,,
2026-09-22,AH,WB-2,34.5,33.8,2026-09-22T13:47:45.367Z,480,B2,CPCO,yes,,,
2026-09-22,AH,WB-2,34.5,33.8,2026-09-22T13:47:45.367Z,480,B3,CPCO,no,,,
2026-09-22,AH,WB-2,34.5,33.8,2026-09-22T13:47:45.367Z,480,B4,OPOH,no,,,
2026-09-22,AH,WB-2,34.5,33.8,2026-09-22T13:47:45.367Z,480,B5,OPOH,no,,,
2026-09-22,AH,WB-2,34.5,33.8,2026-09-22T13:47:45.367Z,480,C1,OPOH,yes,,,
2026-09-22,AH,WB-2,34.5,33.8,2026-09-22T13:47:45.367Z,480,C2,OPOH,no,,,
2026-09-22,AH,WB-2,34.5,33.8,2026-09-22T13:47:45.367Z,480,C3,OPOH,yes,,,
2026-09-22,AH,WB-2,34.5,33.8,2026-09-22T13:47:45.367Z,480,C4,CPCO,yes,,,
2026-09-22,AH,WB-2,34.5,33.8,2026-09-22T13:47:45.367Z,480,C5,OPOH,no,,,
2026-09-22,AH,WB-2,34.5,33.8,2026-09-22T13:47:45.367Z,480,D1,OPOH,yes,,,
2026-09-22,AH,WB-2,34.5,33.8,2026-09-22T13:47:45.367Z,480,D2,CPCO,no,,,
2026-09-22,AH,WB-2,34.5,33.8,2026-09-22T13:47:45.367Z,480,D3,CPCO,no,,,
2026-09-22,AH,WB-2,34.5,33.8,2026-09-22T13:47:45.367Z,480,D4,CPCO,no,,,
2026-09-22,AH,WB-2,34.5,33.8,2026-09-22T13:47:45.367Z,480,D5,OPOH,no,,,
2026-09-22,AH,WB-2,34.5,33.8,2026-09-22T13:47:45.367Z,720,A1,CPCO,no,,,
2026-09-22,AH,WB-2,34.5,33.8,2026-09-22T13:47:45.367Z,720,A2,CPCO,no,,,
2026-09-22,AH,WB-2,34.5,33.8,2026-09-22T13:47:45.367Z,720,A3,CPCO,no,,,
2026-09-22,AH,WB-2,34.5,33.8,2026-09-22T13:47:45.367Z,720,A4,CPCO,yes,,,
2026-09-22,AH,WB-2,34.5,33.8,2026-09-22T13:47:45.367Z,720,A5,OPOH,no,,,
2026-09-22,AH,WB-2,34.5,33.8,2026-09-22T13:47:45.367Z,720,B1,OPOH,no,,,
2026-09-22,AH,WB-2,34.5,33.8,2026-09-22T13:47:45.367Z,720,B2,CPCO,yes,,,
2026-09-22,AH,WB-2,34.5,33.8,2026-09-22T13:47:45.367Z,720,B3,CPCO,no,,,
2026-09-22,AH,WB-2,34.5,33.8,2026-09-22T13:47:45.367Z,720,B4,OPOH,no,,,
2026-09-22,AH,WB-2,34.5,33.8,2026-09-22T13:47:45.367Z,720,B5,OPOH,no,,,
2026-09-22,AH,WB-2,34.5,33.8,2026-09-22T13:47:45.367Z,720,C1,OPOH,yes,,,
2026-09-22,AH,WB-2,34.5,33.8,2026-09-22T13:47:45.367Z,720,C2,OPOH,no,,,
2026-09-22,AH,WB-2,34.5,33.8,2026-09-22T13:47:45.367Z,720,C3,OPOH,yes,,,
2026-09-22,AH,WB-2,34.5,33.8,2026-09-22T13:47:45.367Z,720,C4,CPCO,yes,,,
2026-09-22,AH,WB-2,34.5,33.8,2026-09-22T13:47:45.367Z,720,C5,OPOH,no,,,
2026-09-22,AH,WB-2,34.5,33.8,2026-09-22T13:47:45.367Z,720,D1,OPOH,yes,,,
2026-09-22,AH,WB-2,34.5,33.8,2026-09-22T13:47:45.367Z,720,D2,CPCO,no,,,
2026-09-22,AH,WB-2,34.5,33.8,2026-09-22T13:47:45.367Z,720,D3,CPCO,no,,,
2026-09-22,AH,WB-2,34.5,33.8,2026-09-22T13:47:45.367Z,720,D4,CPCO,no,,,
2026-09-22,AH,WB-2,34.5,33.8,2026-09-22T13:47:45.367Z,720,D5,OPOH,no,,,
2026-09-22,AH,WB-3,35.3,34.5,2026-09-22T13:39:44.544Z,5,A1,OPOH,no,,,
2026-09-22,AH,WB-3,35.3,34.5,2026-09-22T13:39:44.544Z,5,A2,OPOH,yes,,,
2026-09-22,AH,WB-3,35.3,34.5,2026-09-22T13:39:44.544Z,5,A3,CPCO,no,,,
2026-09-22,AH,WB-3,35.3,34.5,2026-09-22T13:39:44.544Z,5,A4,OPOH,no,,,
2026-09-22,AH,WB-3,35.3,34.5,2026-09-22T13:39:44.544Z,5,A5,CPCO,yes,,,
2026-09-22,AH,WB-3,35.3,34.5,2026-09-22T13:39:44.544Z,5,B1,OPOH,no,,,
2026-09-22,AH,WB-3,35.3,34.5,2026-09-22T13:39:44.544Z,5,B2,OPOH,no,,,
2026-09-22,AH,WB-3,35.3,34.5,2026-09-22T13:39:44.544Z,5,B3,CPCO,no,,,
2026-09-22,AH,WB-3,35.3,34.5,2026-09-22T13:39:44.544Z,5,B4,OPOH,no,,,
2026-09-22,AH,WB-3,35.3,34.5,2026-09-22T13:39:44.544Z,5,B5,CPCO,no,,,
2026-09-22,AH,WB-3,35.3,34.5,2026-09-22T13:39:44.544Z,5,C1,OPOH,no,,,
2026-09-22,AH,WB-3,35.3,34.5,2026-09-22T13:39:44.544Z,5,C2,OPOH,no,,,
2026-09-22,AH,WB-3,35.3,34.5,2026-09-22T13:39:44.544Z,5,C3,CPCO,no,,,
2026-09-22,AH,WB-3,35.3,34.5,2026-09-22T13:39:44.544Z,5,C4,CPCO,no,,,
2026-09-22,AH,WB-3,35.3,34.5,2026-09-22T13:39:44.544Z,5,C5,CPCO,no,,,
2026-09-22,AH,WB-3,35.3,34.5,2026-09-22T13:39:44.544Z,5,D1,OPOH,no,,,
2026-09-22,AH,WB-3,35.3,34.5,2026-09-22T13:39:44.544Z,5,D2,CPCO,no,,,
2026-09-22,AH,WB-3,35.3,34.5,2026-09-22T13:39:44.544Z,5,D3,CPCO,no,,,
2026-09-22,AH,WB-3,35.3,34.5,2026-09-22T13:39:44.544Z,5,D4,OPOH,no,,,
2026-09-22,AH,WB-3,35.3,34.5,2026-09-22T13:39:44.544Z,5,D5,CPCO,no,,,
2026-09-22,AH,WB-3,35.3,34.5,2026-09-22T13:39:44.544Z,10,A1,OPOH,no,,,
2026-09-22,AH,WB-3,35.3,34.5,2026-09-22T13:39:44.544Z,10,A2,OPOH,no,,,
2026-09-22,AH,WB-3,35.3,34.5,2026-09-22T13:39:44.544Z,10,A3,CPCO,no,,,
2026-09-22,AH,WB-3,35.3,34.5,2026-09-22T13:39:44.544Z,10,A4,OPOH,no,,,
2026-09-22,AH,WB-3,35.3,34.5,2026-09-22T13:39:44.544Z,10,A5,CPCO,yes,,,
2026-09-22,AH,WB-3,35.3,34.5,2026-09-22T13:39:44.544Z,10,B1,OPOH,no,,,
2026-09-22,AH,WB-3,35.3,34.5,2026-09-22T13:39:44.544Z,10,B2,OPOH,no,,,
2026-09-22,AH,WB-3,35.3,34.5,2026-09-22T13:39:44.544Z,10,B3,CPCO,no,,,
2026-09-22,AH,WB-3,35.3,34.5,2026-09-22T13:39:44.544Z,10,B4,OPOH,no,,,
2026-09-22,AH,WB-3,35.3,34.5,2026-09-22T13:39:44.544Z,10,B5,CPCO,no,,,
2026-09-22,AH,WB-3,35.3,34.5,2026-09-22T13:39:44.544Z,10,C1,OPOH,no,,,
2026-09-22,AH,WB-3,35.3,34.5,2026-09-22T13:39:44.544Z,10,C2,OPOH,no,,,
2026-09-22,AH,WB-3,35.3,34.5,2026-09-22T13:39:44.544Z,10,C3,CPCO,no,,,
2026-09-22,AH,WB-3,35.3,34.5,2026-09-22T13:39:44.544Z,10,C4,CPCO,no,,,
2026-09-22,AH,WB-3,35.3,34.5,2026-09-22T13:39:44.544Z,10,C5,CPCO,no,,,
2026-09-22,AH,WB-3,35.3,34.5,2026-09-22T13:39:44.544Z,10,D1,OPOH,no,,,
2026-09-22,AH,WB-3,35.3,34.5,2026-09-22T13:39:44.544Z,10,D2,CPCO,no,,,
2026-09-22,AH,WB-3,35.3,34.5,2026-09-22T13:39:44.544Z,10,D3,CPCO,no,,,
2026-09-22,AH,WB-3,35.3,34.5,2026-09-22T13:39:44.544Z,10,D4,OPOH,no,,,
2026-09-22,AH,WB-3,35.3,34.5,2026-09-22T13:39:44.544Z,10,D5,CPCO,no,,,
2026-09-22,AH,WB-3,35.3,34.5,2026-09-22T13:39:44.544Z,15,A1,OPOH,no,,,
2026-09-22,AH,WB-3,35.3,34.5,2026-09-22T13:39:44.544Z,15,A2,OPOH,no,,,
2026-09-22,AH,WB-3,35.3,34.5,2026-09-22T13:39:44.544Z,15,A3,CPCO,no,,,
2026-09-22,AH,WB-3,35.3,34.5,2026-09-22T13:39:44.544Z,15,A4,OPOH,no,,,
2026-09-22,AH,WB-3,35.3,34.5,2026-09-22T13:39:44.544Z,15,A5,CPCO,no,,,
2026-09-22,AH,WB-3,35.3,34.5,2026-09-22T13:39:44.544Z,15,B1,OPOH,no,,,
2026-09-22,AH,WB-3,35.3,34.5,2026-09-22T13:39:44.544Z,15,B2,OPOH,no,,,
2026-09-22,AH,WB-3,35.3,34.5,2026-09-22T13:39:44.544Z,15,B3,CPCO,no,,,
2026-09-22,AH,WB-3,35.3,34.5,2026-09-22T13:39:44.544Z,15,B4,OPOH,no,,,
2026-09-22,AH,WB-3,35.3,34.5,2026-09-22T13:39:44.544Z,15,B5,CPCO,no,,,
2026-09-22,AH,WB-3,35.3,34.5,2026-09-22T13:39:44.544Z,15,C1,OPOH,no,,,
2026-09-22,AH,WB-3,35.3,34.5,2026-09-22T13:39:44.544Z,15,C2,OPOH,no,,,
2026-09-22,AH,WB-3,35.3,34.5,2026-09-22T13:39:44.544Z,15,C3,CPCO,no,,,
2026-09-22,AH,WB-3,35.3,34.5,2026-09-22T13:39:44.544Z,15,C4,CPCO,no,,,
2026-09-22,AH,WB-3,35.3,34.5,2026-09-22T13:39:44.544Z,15,C5,CPCO,no,,,
2026-09-22,AH,WB-3,35.3,34.5,2026-09-22T13:39:44.544Z,15,D1,OPOH,no,,,
2026-09-22,AH,WB-3,35.3,34.5,2026-09-22T13:39:44.544Z,15,D2,CPCO,no,,,
2026-09-22,AH,WB-3,35.3,34.5,2026-09-22T13:39:44.544Z,15,D3,CPCO,no,,,
2026-09-22,AH,WB-3,35.3,34.5,2026-09-22T13:39:44.544Z,15,D4,OPOH,no,,,
2026-09-22,AH,WB-3,35.3,34.5,2026-09-22T13:39:44.544Z,15,D5,CPCO,no,,,