experiment_date,observer,water_bath_id,set_temp_c,read_temp_c,stopwatch_start_time,timepoint_min,well_id,population,responding,flagged,sex,stage,length
2026-09-24,AH,WB-3,34.8,34.1,2026-09-24T13:36:58.482Z,1,A1,CPCO,yes,no,,,
2026-09-24,AH,WB-3,34.8,34.1,2026-09-24T13:36:58.482Z,1,A2,CPCO,yes,no,,,
2026-09-24,AH,WB-3,34.8,34.1,2026-09-24T13:36:58.482Z,1,A3,CPCO,yes,no,,,
2026-09-24,AH,WB-3,34.8,34.1,2026-09-24T13:36:58.482Z,1,A4,CPCO,yes,no,,,
2026-09-24,AH,WB-3,34.8,34.1,2026-09-24T13:36:58.482Z,1,A5,OPOH,yes,no,,,
2026-09-24,AH,WB-3,34.8,34.1,2026-09-24T13:36:58.482Z,1,B1,OPOH,yes,yes,,,
2026-09-24,AH,WB-3,34.8,34.1,2026-09-24T13:36:58.482Z,1,B2,OPOH,yes,no,,,
2026-09-24,AH,WB-3,34.8,34.1,2026-09-24T13:36:58.482Z,1,B3,CPCO,yes,no,,,
2026-09-24,AH,WB-3,34.8,34.1,2026-09-24T13:36:58.482Z,1,B4,OPOH,yes,yes,,,
2026-09-24,AH,WB-3,34.8,34.1,2026-09-24T13:36:58.482Z,1,B5,CPCO,yes,no,,,
2026-09-24,AH,WB-3,34.8,34.1,2026-09-24T13:36:58.482Z,1,C1,CPCO,yes,no,,,
2026-09-24,AH,WB-3,34.8,34.1,2026-09-24T13:36:58.482Z,1,C2,OPOH,yes,no,,,
2026-09-24,AH,WB-3,34.8,34.1,2026-09-24T13:36:58.482Z,1,C3,OPOH,yes,no,,,
2026-09-24,AH,WB-3,34.8,34.1,2026-09-24T13:36:58.482Z,1,C4,CPCO,yes,no,,,
2026-09-24,AH,WB-3,34.8,34.1,2026-09-24T13:36:58.482Z,1,C5,OPOH,yes,no,,,
2026-09-24,AH,WB-3,34.8,34.1,2026-09-24T13:36:58.482Z,1,D1,OPOH,yes,no,,,
2026-09-24,AH,WB-3,34.8,34.1,2026-09-24T13:36:58.482Z,1,D2,OPOH,yes,no,,,
2026-09-24,AH,WB-3,34.8,34.1,2026-09-24T13:36:58.482Z,1,D3,OPOH,yes,no,,,
2026-09-24,AH,WB-3,34.8,34.1,2026-09-24T13:36:58.482Z,1,D4,CPCO,yes,no,,,
2026-09-24,AH,WB-3,34.8,34.1,2026-09-24T13:36:58.482Z,1,D5,CPCO,yes,no,,,
2026-09-24,AH,WB-3,34.8,34.1,2026-09-24T13:36:58.482Z,3,A1,CPCO,yes,no,,,
2026-09-24,AH,WB-3,34.8,34.1,2026-09-24T13:36:58.482Z,3,A2,CPCO,yes,no,,,
2026-09-24,AH,WB-3,34.8,34.1,2026-09-24T13:36:58.482Z,3,A3,CPCO,yes,no,,,
2026-09-24,AH,WB-3,34.8,34.1,2026-09-24T13:36:58.482Z,3,A4,CPCO,yes,no,,,
2026-09-24,AH,WB-3,34.8,34.1,2026-09-24T13:36:58.482Z,3,A5,OPOH,yes,no,,,
2026-09-24,AH,WB-3,34.8,34.1,2026-09-24T13:36:58.482Z,3,B1,OPOH,yes,yes,,,
2026-09-24,AH,WB-3,34.8,34.1,2026-09-24T13:36:58.482Z,3,B2,OPOH,yes,no,,,
2026-09-24,AH,WB-3,34.8,34.1,2026-09-24T13:36:58.482Z,3,B3,CPCO,yes,no,,,
2026-09-24,AH,WB-3,34.8,34.1,2026-09-24T13:36:58.482Z,3,B4,OPOH,yes,yes,,,
2026-09-24,AH,WB-3,34.8,34.1,2026-09-24T13:36:58.482Z,3,B5,CPCO,yes,no,,,
2026-09-24,AH,WB-3,34.8,34.1,2026-09-24T13:36:58.482Z,3,C1,CPCO,yes,no,,,
2026-09-24,AH,WB-3,34.8,34.1,2026-09-24T13:36:58.482Z,3,C2,OPOH,yes,no,,,
2026-09-24,AH,WB-3,34.8,34.1,2026-09-24T13:36:58.482Z,3,C3,OPOH,yes,no,,,
2026-09-24,AH,WB-3,34.8,34.1,2026-09-24T13:36:58.482Z,3,C4,CPCO,yes,no,,,
2026-09-24,AH,WB-3,34.8,34.1,2026-09-24T13:36:58.482Z,3,C5,OPOH,yes,no,,,
2026-09-24,AH,WB-3,34.8,34.1,2026-09-24T13:36:58.482Z,3,D1,OPOH,yes,no,,,
2026-09-24,AH,WB-3,34.8,34.1,2026-09-24T13:36:58.482Z,3,D2,OPOH,yes,no,,,
2026-09-24,AH,WB-3,34.8,34.1,2026-09-24T13:36:58.482Z,3,D3,OPOH,yes,no,,,
2026-09-24,AH,WB-3,34.8,34.1,2026-09-24T13:36:58.482Z,3,D4,CPCO,yes,no,,,
2026-09-24,AH,WB-3,34.8,34.1,2026-09-24T13:36:58.482Z,3,D5,CPCO,yes,no,,,
2026-09-24,AH,WB-3,34.8,34.1,2026-09-24T13:36:58.482Z,5,A1,CPCO,yes,no,,,
2026-09-24,AH,WB-3,34.8,34.1,2026-09-24T13:36:58.482Z,5,A2,CPCO,yes,no,,,
2026-09-24,AH,WB-3,34.8,34.1,2026-09-24T13:36:58.482Z,5,A3,CPCO,yes,no,,,
2026-09-24,AH,WB-3,34.8,34.1,2026-09-24T13:36:58.482Z,5,A4,CPCO,yes,no,,,
2026-09-24,AH,WB-3,34.8,34.1,2026-09-24T13:36:58.482Z,5,A5,OPOH,yes,no,,,
2026-09-24,AH,WB-3,34.8,34.1,2026-09-24T13:36:58.482Z,5,B1,OPOH,yes,yes,,,
2026-09-24,AH,WB-3,34.8,34.1,2026-09-24T13:36:58.482Z,5,B2,OPOH,yes,no,,,
2026-09-24,AH,WB-3,34.8,34.1,2026-09-24T13:36:58.482Z,5,B3,CPCO,yes,no,,,
2026-09-24,AH,WB-3,34.8,34.1,2026-09-24T13:36:58.482Z,5,B4,OPOH,yes,yes,,,
2026-09-24,AH,WB-3,34.8,34.1,2026-09-24T13:36:58.482Z,5,B5,CPCO,yes,no,,,
2026-09-24,AH,WB-3,34.8,34.1,2026-09-24T13:36:58.482Z,5,C1,CPCO,yes,no,,,
2026-09-24,AH,WB-3,34.8,34.1,2026-09-24T13:36:58.482Z,5,C2,OPOH,yes,no,,,
2026-09-24,AH,WB-3,34.8,34.1,2026-09-24T13:36:58.482Z,5,C3,OPOH,yes,no,,,
2026-09-24,AH,WB-3,34.8,34.1,2026-09-24T13:36:58.482Z,5,C4,CPCO,yes,no,,,
2026-09-24,AH,WB-3,34.8,34.1,2026-09-24T13:36:58.482Z,5,C5,OPOH,yes,no,,,
2026-09-24,AH,WB-3,34.8,34.1,2026-09-24T13:36:58.482Z,5,D1,OPOH,yes,no,,,
2026-09-24,AH,WB-3,34.8,34.1,2026-09-24T13:36:58.482Z,5,D2,OPOH,yes,no,,,
2026-09-24,AH,WB-3,34.8,34.1,2026-09-24T13:36:58.482Z,5,D3,OPOH,yes,no,,,
2026-09-24,AH,WB-3,34.8,34.1,2026-09-24T13:36:58.482Z,5,D4,CPCO,yes,no,,,
2026-09-24,AH,WB-3,34.8,34.1,2026-09-24T13:36:58.482Z,5,D5,CPCO,yes,no,,,
2026-09-24,AH,WB-3,34.8,34.1,2026-09-24T13:36:58.482Z,10,A1,CPCO,yes,no,,,
2026-09-24,AH,WB-3,34.8,34.1,2026-09-24T13:36:58.482Z,10,A2,CPCO,yes,no,,,
2026-09-24,AH,WB-3,34.8,34.1,2026-09-24T13:36:58.482Z,10,A3,CPCO,yes,no,,,
2026-09-24,AH,WB-3,34.8,34.1,2026-09-24T13:36:58.482Z,10,A4,CPCO,yes,no,,,
2026-09-24,AH,WB-3,34.8,34.1,2026-09-24T13:36:58.482Z,10,A5,OPOH,yes,no,,,
2026-09-24,AH,WB-3,34.8,34.1,2026-09-24T13:36:58.482Z,10,B1,OPOH,yes,yes,,,
2026-09-24,AH,WB-3,34.8,34.1,2026-09-24T13:36:58.482Z,10,B2,OPOH,yes,no,,,
2026-09-24,AH,WB-3,34.8,34.1,2026-09-24T13:36:58.482Z,10,B3,CPCO,yes,no,,,
2026-09-24,AH,WB-3,34.8,34.1,2026-09-24T13:36:58.482Z,10,B4,OPOH,yes,yes,,,
2026-09-24,AH,WB-3,34.8,34.1,2026-09-24T13:36:58.482Z,10,B5,CPCO,yes,no,,,
2026-09-24,AH,WB-3,34.8,34.1,2026-09-24T13:36:58.482Z,10,C1,CPCO,yes,no,,,
2026-09-24,AH,WB-3,34.8,34.1,2026-09-24T13:36:58.482Z,10,C2,OPOH,yes,no,,,
2026-09-24,AH,WB-3,34.8,34.1,2026-09-24T13:36:58.482Z,10,C3,OPOH,yes,no,,,
2026-09-24,AH,WB-3,34.8,34.1,2026-09-24T13:36:58.482Z,10,C4,CPCO,yes,no,,,
2026-09-24,AH,WB-3,34.8,34.1,2026-09-24T13:36:58.482Z,10,C5,OPOH,yes,no,,,
2026-09-24,AH,WB-3,34.8,34.1,2026-09-24T13:36:58.482Z,10,D1,OPOH,yes,no,,,
2026-09-24,AH,WB-3,34.8,34.1,2026-09-24T13:36:58.482Z,10,D2,OPOH,yes,no,,,
2026-09-24,AH,WB-3,34.8,34.1,2026-09-24T13:36:58.482Z,10,D3,OPOH,yes,no,,,
2026-09-24,AH,WB-3,34.8,34.1,2026-09-24T13:36:58.482Z,10,D4,CPCO,yes,no,,,
2026-09-24,AH,WB-3,34.8,34.1,2026-09-24T13:36:58.482Z,10,D5,CPCO,yes,no,,,
2026-09-24,AH,WB-3,34.8,34.1,2026-09-24T13:36:58.482Z,15,A1,CPCO,yes,no,,,
2026-09-24,AH,WB-3,34.8,34.1,2026-09-24T13:36:58.482Z,15,A2,CPCO,yes,no,,,
2026-09-24,AH,WB-3,34.8,34.1,2026-09-24T13:36:58.482Z,15,A3,CPCO,yes,no,,,
2026-09-24,AH,WB-3,34.8,34.1,2026-09-24T13:36:58.482Z,15,A4,CPCO,yes,no,,,
2026-09-24,AH,WB-3,34.8,34.1,2026-09-24T13:36:58.482Z,15,A5,OPOH,yes,no,,,
2026-09-24,AH,WB-3,34.8,34.1,2026-09-24T13:36:58.482Z,15,B1,OPOH,yes,yes,,,
2026-09-24,AH,WB-3,34.8,34.1,2026-09-24T13:36:58.482Z,15,B2,OPOH,yes,no,,,
2026-09-24,AH,WB-3,34.8,34.1,2026-09-24T13:36:58.482Z,15,B3,CPCO,yes,no,,,
2026-09-24,AH,WB-3,34.8,34.1,2026-09-24T13:36:58.482Z,15,B4,OPOH,yes,yes,,,
2026-09-24,AH,WB-3,34.8,34.1,2026-09-24T13:36:58.482Z,15,B5,CPCO,yes,no,,,
2026-09-24,AH,WB-3,34.8,34.1,2026-09-24T13:36:58.482Z,15,C1,CPCO,yes,no,,,
2026-09-24,AH,WB-3,34.8,34.1,2026-09-24T13:36:58.482Z,15,C2,OPOH,yes,no,,,
2026-09-24,AH,WB-3,34.8,34.1,2026-09-24T13:36:58.482Z,15,C3,OPOH,yes,no,,,
2026-09-24,AH,WB-3,34.8,34.1,2026-09-24T13:36:58.482Z,15,C4,CPCO,yes,no,,,
2026-09-24,AH,WB-3,34.8,34.1,2026-09-24T13:36:58.482Z,15,C5,OPOH,yes,no,,,
2026-09-24,AH,WB-3,34.8,34.1,2026-09-24T13:36:58.482Z,15,D1,OPOH,yes,no,,,
2026-09-24,AH,WB-3,34.8,34.1,2026-09-24T13:36:58.482Z,15,D2,OPOH,yes,no,,,
2026-09-24,AH,WB-3,34.8,34.1,2026-09-24T13:36:58.482Z,15,D3,OPOH,yes,no,,,
2026-09-24,AH,WB-3,34.8,34.1,2026-09-24T13:36:58.482Z,15,D4,CPCO,yes,no,,,
2026-09-24,AH,WB-3,34.8,34.1,2026-09-24T13:36:58.482Z,15,D5,CPCO,yes,no,,,
2026-09-24,AH,WB-3,34.8,34.1,2026-09-24T13:36:58.482Z,30,A1,CPCO,yes,no,,,
2026-09-24,AH,WB-3,34.8,34.1,2026-09-24T13:36:58.482Z,30,A2,CPCO,yes,no,,,
2026-09-24,AH,WB-3,34.8,34.1,2026-09-24T13:36:58.482Z,30,A3,CPCO,yes,no,,,
2026-09-24,AH,WB-3,34.8,34.1,2026-09-24T13:36:58.482Z,30,A4,CPCO,yes,no,,,
2026-09-24,AH,WB-3,34.8,34.1,2026-09-24T13:36:58.482Z,30,A5,OPOH,yes,no,,,
2026-09-24,AH,WB-3,34.8,34.1,2026-09-24T13:36:58.482Z,30,B1,OPOH,no,yes,,,
2026-09-24,AH,WB-3,34.8,34.1,2026-09-24T13:36:58.482Z,30,B2,OPOH,yes,no,,,
2026-09-24,AH,WB-3,34.8,34.1,2026-09-24T13:36:58.482Z,30,B3,CPCO,yes,no,,,
2026-09-24,AH,WB-3,34.8,34.1,2026-09-24T13:36:58.482Z,30,B4,OPOH,yes,yes,,,
2026-09-24,AH,WB-3,34.8,34.1,2026-09-24T13:36:58.482Z,30,B5,CPCO,yes,no,,,
2026-09-24,AH,WB-3,34.8,34.1,2026-09-24T13:36:58.482Z,30,C1,CPCO,yes,no,,,
2026-09-24,AH,WB-3,34.8,34.1,2026-09-24T13:36:58.482Z,30,C2,OPOH,yes,no,,,
2026-09-24,AH,WB-3,34.8,34.1,2026-09-24T13:36:58.482Z,30,C3,OPOH,yes,no,,,
2026-09-24,AH,WB-3,34.8,34.1,2026-09-24T13:36:58.482Z,30,C4,CPCO,yes,no,,,
2026-09-24,AH,WB-3,34.8,34.1,2026-09-24T13:36:58.482Z,30,C5,OPOH,yes,no,,,
2026-09-24,AH,WB-3,34.8,34.1,2026-09-24T13:36:58.482Z,30,D1,OPOH,yes,no,,,
2026-09-24,AH,WB-3,34.8,34.1,2026-09-24T13:36:58.482Z,30,D2,OPOH,yes,no,,,
2026-09-24,AH,WB-3,34.8,34.1,2026-09-24T13:36:58.482Z,30,D3,OPOH,yes,no,,,
2026-09-24,AH,WB-3,34.8,34.1,2026-09-24T13:36:58.482Z,30,D4,CPCO,yes,no,,,
2026-09-24,AH,WB-3,34.8,34.1,2026-09-24T13:36:58.482Z,30,D5,CPCO,yes,no,,,
2026-09-24,AH,WB-3,34.8,34.1,2026-09-24T13:36:58.482Z,45,A1,CPCO,yes,no,,,
2026-09-24,AH,WB-3,34.8,34.1,2026-09-24T13:36:58.482Z,45,A2,CPCO,yes,no,,,
2026-09-24,AH,WB-3,34.8,34.1,2026-09-24T13:36:58.482Z,45,A3,CPCO,yes,no,,,
2026-09-24,AH,WB-3,34.8,34.1,2026-09-24T13:36:58.482Z,45,A4,CPCO,yes,no,,,
2026-09-24,AH,WB-3,34.8,34.1,2026-09-24T13:36:58.482Z,45,A5,OPOH,yes,no,,,
2026-09-24,AH,WB-3,34.8,34.1,2026-09-24T13:36:58.482Z,45,B1,OPOH,no,yes,,,
2026-09-24,AH,WB-3,34.8,34.1,2026-09-24T13:36:58.482Z,45,B2,OPOH,yes,no,,,
2026-09-24,AH,WB-3,34.8,34.1,2026-09-24T13:36:58.482Z,45,B3,CPCO,yes,no,,,
2026-09-24,AH,WB-3,34.8,34.1,2026-09-24T13:36:58.482Z,45,B4,OPOH,yes,yes,,,
2026-09-24,AH,WB-3,34.8,34.1,2026-09-24T13:36:58.482Z,45,B5,CPCO,yes,no,,,
2026-09-24,AH,WB-3,34.8,34.1,2026-09-24T13:36:58.482Z,45,C1,CPCO,yes,no,,,
2026-09-24,AH,WB-3,34.8,34.1,2026-09-24T13:36:58.482Z,45,C2,OPOH,yes,no,,,
2026-09-24,AH,WB-3,34.8,34.1,2026-09-24T13:36:58.482Z,45,C3,OPOH,yes,no,,,
2026-09-24,AH,WB-3,34.8,34.1,2026-09-24T13:36:58.482Z,45,C4,CPCO,yes,no,,,
2026-09-24,AH,WB-3,34.8,34.1,2026-09-24T13:36:58.482Z,45,C5,OPOH,yes,no,,,
2026-09-24,AH,WB-3,34.8,34.1,2026-09-24T13:36:58.482Z,45,D1,OPOH,yes,no,,,
2026-09-24,AH,WB-3,34.8,34.1,2026-09-24T13:36:58.482Z,45,D2,OPOH,yes,no,,,
2026-09-24,AH,WB-3,34.8,34.1,2026-09-24T13:36:58.482Z,45,D3,OPOH,yes,no,,,
2026-09-24,AH,WB-3,34.8,34.1,2026-09-24T13:36:58.482Z,45,D4,CPCO,yes,no,,,
2026-09-24,AH,WB-3,34.8,34.1,2026-09-24T13:36:58.482Z,45,D5,CPCO,yes,no,,,
2026-09-24,AH,WB-3,34.8,34.1,2026-09-24T13:36:58.482Z,60,A1,CPCO,yes,no,,,
2026-09-24,AH,WB-3,34.8,34.1,2026-09-24T13:36:58.482Z,60,A2,CPCO,yes,no,,,
2026-09-24,AH,WB-3,34.8,34.1,2026-09-24T13:36:58.482Z,60,A3,CPCO,yes,no,,,
2026-09-24,AH,WB-3,34.8,34.1,2026-09-24T13:36:58.482Z,60,A4,CPCO,yes,no,,,
2026-09-24,AH,WB-3,34.8,34.1,2026-09-24T13:36:58.482Z,60,A5,OPOH,yes,no,,,
2026-09-24,AH,WB-3,34.8,34.1,2026-09-24T13:36:58.482Z,60,B1,OPOH,yes,yes,,,
2026-09-24,AH,WB-3,34.8,34.1,2026-09-24T13:36:58.482Z,60,B2,OPOH,yes,no,,,
2026-09-24,AH,WB-3,34.8,34.1,2026-09-24T13:36:58.482Z,60,B3,CPCO,yes,no,,,
2026-09-24,AH,WB-3,34.8,34.1,2026-09-24T13:36:58.482Z,60,B4,OPOH,yes,yes,,,
2026-09-24,AH,WB-3,34.8,34.1,2026-09-24T13:36:58.482Z,60,B5,CPCO,yes,no,,,
2026-09-24,AH,WB-3,34.8,34.1,2026-09-24T13:36:58.482Z,60,C1,CPCO,yes,no,,,
2026-09-24,AH,WB-3,34.8,34.1,2026-09-24T13:36:58.482Z,60,C2,OPOH,yes,no,,,
2026-09-24,AH,WB-3,34.8,34.1,2026-09-24T13:36:58.482Z,60,C3,OPOH,yes,no,,,
2026-09-24,AH,WB-3,34.8,34.1,2026-09-24T13:36:58.482Z,60,C4,CPCO,yes,no,,,
2026-09-24,AH,WB-3,34.8,34.1,2026-09-24T13:36:58.482Z,60,C5,OPOH,yes,no,,,
2026-09-24,AH,WB-3,34.8,34.1,2026-09-24T13:36:58.482Z,60,D1,OPOH,yes,no,,,
2026-09-24,AH,WB-3,34.8,34.1,2026-09-24T13:36:58.482Z,60,D2,OPOH,yes,no,,,
2026-09-24,AH,WB-3,34.8,34.1,2026-09-24T13:36:58.482Z,60,D3,OPOH,yes,no,,,
2026-09-24,AH,WB-3,34.8,34.1,2026-09-24T13:36:58.482Z,60,D4,CPCO,yes,no,,,
2026-09-24,AH,WB-3,34.8,34.1,2026-09-24T13:36:58.482Z,60,D5,CPCO,yes,no,,,
2026-09-24,AH,WB-3,34.8,34.1,2026-09-24T13:36:58.482Z,120,A1,CPCO,yes,no,,,
2026-09-24,AH,WB-3,34.8,34.1,2026-09-24T13:36:58.482Z,120,A2,CPCO,yes,no,,,
2026-09-24,AH,WB-3,34.8,34.1,2026-09-24T13:36:58.482Z,120,A3,CPCO,yes,no,,,
2026-09-24,AH,WB-3,34.8,34.1,2026-09-24T13:36:58.482Z,120,A4,CPCO,yes,no,,,
2026-09-24,AH,WB-3,34.8,34.1,2026-09-24T13:36:58.482Z,120,A5,OPOH,yes,no,,,
2026-09-24,AH,WB-3,34.8,34.1,2026-09-24T13:36:58.482Z,120,B1,OPOH,yes,yes,,,
2026-09-24,AH,WB-3,34.8,34.1,2026-09-24T13:36:58.482Z,120,B2,OPOH,yes,no,,,
2026-09-24,AH,WB-3,34.8,34.1,2026-09-24T13:36:58.482Z,120,B3,CPCO,yes,no,,,
2026-09-24,AH,WB-3,34.8,34.1,2026-09-24T13:36:58.482Z,120,B4,OPOH,yes,yes,,,
2026-09-24,AH,WB-3,34.8,34.1,2026-09-24T13:36:58.482Z,120,B5,CPCO,yes,no,,,
2026-09-24,AH,WB-3,34.8,34.1,2026-09-24T13:36:58.482Z,120,C1,CPCO,yes,no,,,
2026-09-24,AH,WB-3,34.8,34.1,2026-09-24T13:36:58.482Z,120,C2,OPOH,yes,no,,,
2026-09-24,AH,WB-3,34.8,34.1,2026-09-24T13:36:58.482Z,120,C3,OPOH,yes,no,,,
2026-09-24,AH,WB-3,34.8,34.1,2026-09-24T13:36:58.482Z,120,C4,CPCO,yes,no,,,
2026-09-24,AH,WB-3,34.8,34.1,2026-09-24T13:36:58.482Z,120,C5,OPOH,yes,no,,,
2026-09-24,AH,WB-3,34.8,34.1,2026-09-24T13:36:58.482Z,120,D1,OPOH,yes,no,,,
2026-09-24,AH,WB-3,34.8,34.1,2026-09-24T13:36:58.482Z,120,D2,OPOH,yes,no,,,
2026-09-24,AH,WB-3,34.8,34.1,2026-09-24T13:36:58.482Z,120,D3,OPOH,yes,no,,,
2026-09-24,AH,WB-3,34.8,34.1,2026-09-24T13:36:58.482Z,120,D4,CPCO,yes,no,,,
2026-09-24,AH,WB-3,34.8,34.1,2026-09-24T13:36:58.482Z,120,D5,CPCO,yes,no,,,
2026-09-24,AH,WB-3,34.8,34.1,2026-09-24T13:36:58.482Z,180,A1,CPCO,yes,no,,,
2026-09-24,AH,WB-3,34.8,34.1,2026-09-24T13:36:58.482Z,180,A2,CPCO,no,no,,,
2026-09-24,AH,WB-3,34.8,34.1,2026-09-24T13:36:58.482Z,180,A3,CPCO,yes,no,,,
2026-09-24,AH,WB-3,34.8,34.1,2026-09-24T13:36:58.482Z,180,A4,CPCO,yes,no,,,
2026-09-24,AH,WB-3,34.8,34.1,2026-09-24T13:36:58.482Z,180,A5,OPOH,yes,no,,,
2026-09-24,AH,WB-3,34.8,34.1,2026-09-24T13:36:58.482Z,180,B1,OPOH,yes,yes,,,
2026-09-24,AH,WB-3,34.8,34.1,2026-09-24T13:36:58.482Z,180,B2,OPOH,yes,no,,,
2026-09-24,AH,WB-3,34.8,34.1,2026-09-24T13:36:58.482Z,180,B3,CPCO,yes,no,,,
2026-09-24,AH,WB-3,34.8,34.1,2026-09-24T13:36:58.482Z,180,B4,OPOH,yes,yes,,,
2026-09-24,AH,WB-3,34.8,34.1,2026-09-24T13:36:58.482Z,180,B5,CPCO,yes,no,,,
2026-09-24,AH,WB-3,34.8,34.1,2026-09-24T13:36:58.482Z,180,C1,CPCO,yes,no,,,
2026-09-24,AH,WB-3,34.8,34.1,2026-09-24T13:36:58.482Z,180,C2,OPOH,yes,no,,,
2026-09-24,AH,WB-3,34.8,34.1,2026-09-24T13:36:58.482Z,180,C3,OPOH,yes,no,,,
2026-09-24,AH,WB-3,34.8,34.1,2026-09-24T13:36:58.482Z,180,C4,CPCO,yes,no,,,
2026-09-24,AH,WB-3,34.8,34.1,2026-09-24T13:36:58.482Z,180,C5,OPOH,yes,no,,,
2026-09-24,AH,WB-3,34.8,34.1,2026-09-24T13:36:58.482Z,180,D1,OPOH,yes,no,,,
2026-09-24,AH,WB-3,34.8,34.1,2026-09-24T13:36:58.482Z,180,D2,OPOH,yes,no,,,
2026-09-24,AH,WB-3,34.8,34.1,2026-09-24T13:36:58.482Z,180,D3,OPOH,yes,no,,,
2026-09-24,AH,WB-3,34.8,34.1,2026-09-24T13:36:58.482Z,180,D4,CPCO,no,no,,,
2026-09-24,AH,WB-3,34.8,34.1,2026-09-24T13:36:58.482Z,180,D5,CPCO,yes,no,,,
2026-09-24,AH,WB-3,34.8,34.1,2026-09-24T13:36:58.482Z,360,A1,CPCO,yes,no,,,
2026-09-24,AH,WB-3,34.8,34.1,2026-09-24T13:36:58.482Z,360,A2,CPCO,no,no,,,
2026-09-24,AH,WB-3,34.8,34.1,2026-09-24T13:36:58.482Z,360,A3,CPCO,yes,no,,,
2026-09-24,AH,WB-3,34.8,34.1,2026-09-24T13:36:58.482Z,360,A4,CPCO,yes,no,,,
2026-09-24,AH,WB-3,34.8,34.1,2026-09-24T13:36:58.482Z,360,A5,OPOH,yes,no,,,
2026-09-24,AH,WB-3,34.8,34.1,2026-09-24T13:36:58.482Z,360,B1,OPOH,yes,yes,,,
2026-09-24,AH,WB-3,34.8,34.1,2026-09-24T13:36:58.482Z,360,B2,OPOH,yes,no,,,
2026-09-24,AH,WB-3,34.8,34.1,2026-09-24T13:36:58.482Z,360,B3,CPCO,yes,no,,,
2026-09-24,AH,WB-3,34.8,34.1,2026-09-24T13:36:58.482Z,360,B4,OPOH,yes,yes,,,
2026-09-24,AH,WB-3,34.8,34.1,2026-09-24T13:36:58.482Z,360,B5,CPCO,yes,no,,,
2026-09-24,AH,WB-3,34.8,34.1,2026-09-24T13:36:58.482Z,360,C1,CPCO,yes,no,,,
2026-09-24,AH,WB-3,34.8,34.1,2026-09-24T13:36:58.482Z,360,C2,OPOH,yes,no,,,
2026-09-24,AH,WB-3,34.8,34.1,2026-09-24T13:36:58.482Z,360,C3,OPOH,yes,no,,,
2026-09-24,AH,WB-3,34.8,34.1,2026-09-24T13:36:58.482Z,360,C4,CPCO,yes,no,,,
2026-09-24,AH,WB-3,34.8,34.1,2026-09-24T13:36:58.482Z,360,C5,OPOH,yes,no,,,
2026-09-24,AH,WB-3,34.8,34.1,2026-09-24T13:36:58.482Z,360,D1,OPOH,yes,no,,,
2026-09-24,AH,WB-3,34.8,34.1,2026-09-24T13:36:58.482Z,360,D2,OPOH,yes,no,,,
2026-09-24,AH,WB-3,34.8,34.1,2026-09-24T13:36:58.482Z,360,D3,OPOH,yes,no,,,
2026-09-24,AH,WB-3,34.8,34.1,2026-09-24T13:36:58.482Z,360,D4,CPCO,no,no,,,
2026-09-24,AH,WB-3,34.8,34.1,2026-09-24T13:36:58.482Z,360,D5,CPCO,yes,no,,,
2026-09-24,AH,WB-3,34.8,34.1,2026-09-24T13:36:58.482Z,480,A1,CPCO,yes,no,,,
2026-09-24,AH,WB-3,34.8,34.1,2026-09-24T13:36:58.482Z,480,A2,CPCO,no,no,,,
2026-09-24,AH,WB-3,34.8,34.1,2026-09-24T13:36:58.482Z,480,A3,CPCO,yes,no,,,
2026-09-24,AH,WB-3,34.8,34.1,2026-09-24T13:36:58.482Z,480,A4,CPCO,yes,no,,,
2026-09-24,AH,WB-3,34.8,34.1,2026-09-24T13:36:58.482Z,480,A5,OPOH,yes,no,,,
2026-09-24,AH,WB-3,34.8,34.1,2026-09-24T13:36:58.482Z,480,B1,OPOH,yes,yes,,,
2026-09-24,AH,WB-3,34.8,34.1,2026-09-24T13:36:58.482Z,480,B2,OPOH,yes,no,,,
2026-09-24,AH,WB-3,34.8,34.1,2026-09-24T13:36:58.482Z,480,B3,CPCO,yes,no,,,
2026-09-24,AH,WB-3,34.8,34.1,2026-09-24T13:36:58.482Z,480,B4,OPOH,yes,yes,,,
2026-09-24,AH,WB-3,34.8,34.1,2026-09-24T13:36:58.482Z,480,B5,CPCO,yes,no,,,
2026-09-24,AH,WB-3,34.8,34.1,2026-09-24T13:36:58.482Z,480,C1,CPCO,yes,no,,,
2026-09-24,AH,WB-3,34.8,34.1,2026-09-24T13:36:58.482Z,480,C2,OPOH,yes,no,,,
2026-09-24,AH,WB-3,34.8,34.1,2026-09-24T13:36:58.482Z,480,C3,OPOH,yes,no,,,
2026-09-24,AH,WB-3,34.8,34.1,2026-09-24T13:36:58.482Z,480,C4,CPCO,yes,no,,,
2026-09-24,AH,WB-3,34.8,34.1,2026-09-24T13:36:58.482Z,480,C5,OPOH,yes,no,,,
2026-09-24,AH,WB-3,34.8,34.1,2026-09-24T13:36:58.482Z,480,D1,OPOH,yes,no,,,
2026-09-24,AH,WB-3,34.8,34.1,2026-09-24T13:36:58.482Z,480,D2,OPOH,yes,no,,,
2026-09-24,AH,WB-3,34.8,34.1,2026-09-24T13:36:58.482Z,480,D3,OPOH,yes,no,,,
2026-09-24,AH,WB-3,34.8,34.1,2026-09-24T13:36:58.482Z,480,D4,CPCO,no,no,,,
2026-09-24,AH,WB-3,34.8,34.1,2026-09-24T13:36:58.482Z,480,D5,CPCO,yes,no,,,
2026-09-24,AH,WB-3,34.8,34.1,2026-09-24T13:36:58.482Z,720,A1,CPCO,yes,no,,,
2026-09-24,AH,WB-3,34.8,34.1,2026-09-24T13:36:58.482Z,720,A2,CPCO,no,no,,,
2026-09-24,AH,WB-3,34.8,34.1,2026-09-24T13:36:58.482Z,720,A3,CPCO,yes,no,,,
2026-09-24,AH,WB-3,34.8,34.1,2026-09-24T13:36:58.482Z,720,A4,CPCO,no,no,,,
2026-09-24,AH,WB-3,34.8,34.1,2026-09-24T13:36:58.482Z,720,A5,OPOH,no,no,,,
2026-09-24,AH,WB-3,34.8,34.1,2026-09-24T13:36:58.482Z,720,B1,OPOH,no,yes,,,
2026-09-24,AH,WB-3,34.8,34.1,2026-09-24T13:36:58.482Z,720,B2,OPOH,yes,no,,,
2026-09-24,AH,WB-3,34.8,34.1,2026-09-24T13:36:58.482Z,720,B3,CPCO,yes,no,,,
2026-09-24,AH,WB-3,34.8,34.1,2026-09-24T13:36:58.482Z,720,B4,OPOH,yes,yes,,,
2026-09-24,AH,WB-3,34.8,34.1,2026-09-24T13:36:58.482Z,720,B5,CPCO,yes,no,,,
2026-09-24,AH,WB-3,34.8,34.1,2026-09-24T13:36:58.482Z,720,C1,CPCO,no,no,,,
2026-09-24,AH,WB-3,34.8,34.1,2026-09-24T13:36:58.482Z,720,C2,OPOH,no,no,,,
2026-09-24,AH,WB-3,34.8,34.1,2026-09-24T13:36:58.482Z,720,C3,OPOH,no,no,,,
2026-09-24,AH,WB-3,34.8,34.1,2026-09-24T13:36:58.482Z,720,C4,CPCO,yes,no,,,
2026-09-24,AH,WB-3,34.8,34.1,2026-09-24T13:36:58.482Z,720,C5,OPOH,yes,no,,,
2026-09-24,AH,WB-3,34.8,34.1,2026-09-24T13:36:58.482Z,720,D1,OPOH,yes,no,,,
2026-09-24,AH,WB-3,34.8,34.1,2026-09-24T13:36:58.482Z,720,D2,OPOH,yes,no,,,
2026-09-24,AH,WB-3,34.8,34.1,2026-09-24T13:36:58.482Z,720,D3,OPOH,yes,no,,,
2026-09-24,AH,WB-3,34.8,34.1,2026-09-24T13:36:58.482Z,720,D4,CPCO,no,no,,,
2026-09-24,AH,WB-3,34.8,34.1,2026-09-24T13:36:58.482Z,720,D5,CPCO,no,no,,,